dataset,attack,rate,accuracy,precision,recall,f1,n_test,cm_tn,cm_fp,cm_fn,cm_tp
PhishingEmailDetection,None,0.0,0.98325,0.9754058042302016,0.9915,0.9833870567815522,4000,1950,50,17,1983
PhishingEmailDetection,Homoglyph,0.1,0.95125,0.9119123687813784,0.999,0.9534717251252685,4000,1807,193,2,1998
PhishingEmailDetection,Homoglyph,0.2,0.85575,0.7763106796116505,0.9995,0.8738797814207651,4000,1424,576,1,1999
PhishingEmailDetection,Homoglyph,0.3,0.73925,0.6572461386789352,1.0,0.793178663493952,4000,957,1043,0,2000
PhishingEmailDetection,Synonym,0.1,0.98225,0.9720998531571219,0.993,0.9824387830818699,4000,1943,57,14,1986
PhishingEmailDetection,Synonym,0.2,0.983,0.9721407624633431,0.9945,0.9831932773109243,4000,1943,57,11,1989
PhishingEmailDetection,Synonym,0.3,0.978,0.962729912875121,0.9945,0.9783571077225774,4000,1923,77,11,1989
