dataset,attack,rate,accuracy,precision,recall,f1,n_test,cm_tn,cm_fp,cm_fn,cm_tp
Enron Spam,None,0.0,0.994661921708185,0.9970751681778298,0.9924308588064047,0.9947475926466297,6744,3299,10,26,3409
Enron Spam,Homoglyph,0.1,0.8821174377224199,0.8123521060104117,0.9994177583697235,0.8962276465213419,6744,2516,793,2,3433
Enron Spam,Homoglyph,0.2,0.7545966785290629,0.6749213836477987,0.9997088791848617,0.8058195471078259,6744,1655,1654,1,3434
Enron Spam,Homoglyph,0.3,0.6929122182680901,0.6239098837209303,0.9997088791848617,0.7683186038706791,6744,1239,2070,1,3434
Enron Spam,Synonym,0.1,0.9933274021352313,0.9921602787456446,0.994759825327511,0.9934583515045792,6744,3282,27,18,3417
Enron Spam,Synonym,0.2,0.9899169632265717,0.9852983568751802,0.9950509461426492,0.9901506373117034,6744,3258,51,17,3418
Enron Spam,Synonym,0.3,0.9845788849347569,0.9746366486178398,0.9956331877729258,0.9850230414746544,6744,3220,89,15,3420
