dataset,attack,rate,accuracy,precision,recall,f1,n_test,cm_tn,cm_fp,cm_fn,cm_tp
Phishing Email Dataset,None,0.0,0.9742627345844505,0.9591152815013405,0.9761255115961801,0.9675456389452333,3730,2203,61,35,1431
Phishing Email Dataset,Homoglyph,0.1,0.9536193029490616,0.902803738317757,0.9884038199181446,0.9436665581243895,3730,2108,156,17,1449
Phishing Email Dataset,Homoglyph,0.2,0.8766756032171582,0.7647368421052632,0.9911323328785812,0.863339275103981,3730,1817,447,13,1453
Phishing Email Dataset,Homoglyph,0.3,0.7796246648793566,0.6418502202643172,0.9938608458390177,0.7799785867237687,3730,1451,813,9,1457
Phishing Email Dataset,Synonym,0.1,0.9737265415549597,0.956,0.9781718963165075,0.9669588671611599,3730,2198,66,32,1434
Phishing Email Dataset,Synonym,0.2,0.9715817694369974,0.9503311258278145,0.9788540245566166,0.9643817204301075,3730,2189,75,31,1435
Phishing Email Dataset,Synonym,0.3,0.9710455764075067,0.9472990777338604,0.9809004092769441,0.9638069705093834,3730,2184,80,28,1438
