dataset,attack,rate,accuracy,precision,recall,f1,n_test,cm_tn,cm_fp,cm_fn,cm_tp
SMS Spam,None,0.0,0.9910313901345291,0.9602649006622517,0.9731543624161074,0.9666666666666667,1115,960,6,4,145
SMS Spam,Homoglyph,0.1,0.9910313901345291,0.9793103448275862,0.9530201342281879,0.9659863945578231,1115,963,3,7,142
SMS Spam,Homoglyph,0.2,0.9883408071748879,0.9857142857142858,0.9261744966442953,0.9550173010380623,1115,964,2,11,138
SMS Spam,Homoglyph,0.3,0.9802690582959641,0.9847328244274809,0.8657718120805369,0.9214285714285714,1115,964,2,20,129
SMS Spam,Synonym,0.1,0.9910313901345291,0.9602649006622517,0.9731543624161074,0.9666666666666667,1115,960,6,4,145
SMS Spam,Synonym,0.2,0.989237668161435,0.9477124183006536,0.9731543624161074,0.9602649006622517,1115,958,8,4,145
SMS Spam,Synonym,0.3,0.9910313901345291,0.9602649006622517,0.9731543624161074,0.9666666666666667,1115,960,6,4,145
