dataset,attack,rate,accuracy,precision,recall,f1,n_test,cm_tn,cm_fp,cm_fn,cm_tp
Spam Detection,None,0.0,0.9977064220183486,0.997275204359673,0.9981818181818182,0.9977283053157655,2180,1077,3,2,1098
Spam Detection,Homoglyph,0.1,0.9963302752293578,0.9945652173913043,0.9981818181818182,0.9963702359346642,2180,1074,6,2,1098
Spam Detection,Homoglyph,0.2,0.9899082568807339,0.9829749103942652,0.9972727272727273,0.990072202166065,2180,1061,19,3,1097
Spam Detection,Homoglyph,0.3,0.9756880733944954,0.9548218940052129,0.9990909090909091,0.9764549089293647,2180,1028,52,1,1099
Spam Detection,Synonym,0.1,0.9977064220183486,0.997275204359673,0.9981818181818182,0.9977283053157655,2180,1077,3,2,1098
Spam Detection,Synonym,0.2,0.9977064220183486,0.997275204359673,0.9981818181818182,0.9977283053157655,2180,1077,3,2,1098
Spam Detection,Synonym,0.3,0.9972477064220183,0.9963702359346642,0.9981818181818182,0.997275204359673,2180,1076,4,2,1098
