dataset,attack,rate,mean_acc,std,ci_95_low,ci_95_high,t_stat,p_raw,p_corrected,significant
Phishing Email Dataset,Homoglyph,0.1,0.9535281501340482,0.0034678716844063085,0.946916890080429,0.9600536193029491,-188.97965872931715,0.0,0.0,True
Phishing Email Dataset,Homoglyph,0.2,0.8763898123324397,0.005315317795529371,0.8659517426273459,0.8868632707774798,-581.9907258382647,0.0,0.0,True
Phishing Email Dataset,Homoglyph,0.3,0.7793951742627346,0.0067290370075792725,0.7656769436997319,0.7927613941018766,-915.3124619021748,0.0,0.0,True
Phishing Email Dataset,Synonym,0.1,0.9737873994638069,0.0026144767581874626,0.9683646112600536,0.9785522788203753,-5.746426582666998,1.2097268715854955e-08,1.2097268715854955e-08,True
Phishing Email Dataset,Synonym,0.2,0.9716595174262735,0.002647293917229902,0.9662131367292226,0.9766756032171582,-31.08071352810274,6.352881324869435e-149,7.623457589843322e-149,True
Phishing Email Dataset,Synonym,0.3,0.9711123324396783,0.0026778399881767514,0.9656769436997319,0.9761394101876676,-37.184685783443136,1.1158703778637199e-190,1.6738055667955798e-190,True
