dataset,attack,rate,mean_acc,std,ci_95_low,ci_95_high,t_stat,p_raw,p_corrected,significant
PhishingEmailDetection,Homoglyph,0.1,0.9513129999999999,0.0033278230121206905,0.9445,0.95775625,-303.33089170848245,0.0,0.0,True
PhishingEmailDetection,Homoglyph,0.2,0.8559095,0.005227792053056436,0.84525,0.866,-769.8940985596967,0.0,0.0,True
PhishingEmailDetection,Homoglyph,0.3,0.73955025,0.007015120272489991,0.72525,0.7535062499999999,-1098.0009262530161,0.0,0.0,True
PhishingEmailDetection,Synonym,0.1,0.982281,0.002015729148472088,0.97824375,0.98625,-15.19407777714484,4.60781928073264e-47,5.529383136879168e-47,True
PhishingEmailDetection,Synonym,0.2,0.982975,0.0019382337320354324,0.979,0.98675,-4.484451076482401,8.157400133391388e-06,8.157400133391388e-06,True
PhishingEmailDetection,Synonym,0.3,0.9780125,0.002192651078033168,0.9735,0.9822624999999999,-75.49831400452067,0.0,0.0,True
