dataset,attack,rate,mean_acc,std,ci_95_low,ci_95_high,t_stat,p_raw,p_corrected,significant
Enron Spam,Homoglyph,0.1,0.8822138196915777,0.003985641280185646,0.8742586002372479,0.8901245551601423,-891.7367505466423,0.0,0.0,True
Enron Spam,Homoglyph,0.2,0.7550815539739029,0.005136245259343143,0.7449584816132859,0.7651245551601423,-1474.307985490747,0.0,0.0,True
Enron Spam,Homoglyph,0.3,0.6930397390272836,0.005600069554952329,0.6823843416370107,0.7041852016607355,-1702.3646847897364,0.0,0.0,True
Enron Spam,Synonym,0.1,0.9933551304863583,0.001007256789841999,0.9912514827995255,0.9952550415183867,-41.00612667776719,2.4661406359001332e-216,2.4661406359001332e-216,True
Enron Spam,Synonym,0.2,0.9899719750889681,0.0012246466236814299,0.9875444839857651,0.9924377224199288,-121.0430488532969,0.0,0.0,True
Enron Spam,Synonym,0.3,0.9846677046263346,0.0015085268023427658,0.9817615658362989,0.9875444839857651,-209.40087483039113,0.0,0.0,True
