dataset,attack,rate,mean_acc,std,ci_95_low,ci_95_high,t_stat,p_raw,p_corrected,significant
SMS Spam,Homoglyph,0.1,0.9910923766816143,0.0027865365491580537,0.9856502242152466,0.9955156950672646,0.6917545838748941,0.489252194427363,0.5871026333128356,False
SMS Spam,Homoglyph,0.2,0.9883399103139013,0.0030926751440041615,0.9820627802690582,0.9937219730941704,-27.50676823710364,1.8788251957917765e-124,5.63647558737533e-124,True
SMS Spam,Homoglyph,0.3,0.9803587443946187,0.004043440839547455,0.9721973094170404,0.9883408071748879,-83.42644638901656,0.0,0.0,True
SMS Spam,Synonym,0.1,0.9910170403587443,0.0028238653381007154,0.9847533632286996,0.9964125560538116,-0.16061417702226494,0.8724297597505872,0.8724297597505872,False
SMS Spam,Synonym,0.2,0.9892394618834081,0.0030551245342350097,0.9829596412556054,0.9946188340807175,-18.5384936609405,3.61478443109812e-66,7.22956886219624e-66,True
SMS Spam,Synonym,0.3,0.9910977578475335,0.0027950603219145404,0.9856502242152466,0.9964125560538116,0.7504960509446144,0.4531327254846226,0.5871026333128356,False
