dataset,attack,rate,mean_acc,std,ci_95_low,ci_95_high,t_stat,p_raw,p_corrected,significant
Spam Detection,Homoglyph,0.1,0.9963100917431192,0.0012600963352764917,0.9935779816513761,0.9986238532110092,-35.02411337752349,5.6958948271300785e-176,1.1391789654260157e-175,True
Spam Detection,Homoglyph,0.2,0.9898610091743119,0.002100115577518561,0.9857798165137615,0.9935779816513761,-118.07429194533093,0.0,0.0,True
Spam Detection,Homoglyph,0.3,0.9756105504587156,0.003318972625113886,0.9688073394495413,0.981651376146789,-210.42154764245285,0.0,0.0,True
Spam Detection,Synonym,0.1,0.997676605504587,0.001007376944039102,0.9954128440366973,0.9995412844036697,-0.9355082036600308,0.34975253565596454,0.34975253565596454,False
Spam Detection,Synonym,0.2,0.997676605504587,0.001007376944039102,0.9954128440366973,0.9995412844036697,-0.9355082036600308,0.34975253565596454,0.34975253565596454,False
Spam Detection,Synonym,0.3,0.997214220183486,0.0011035586627258533,0.994954128440367,0.9990825688073395,-14.097124920812826,2.7090289981150043e-41,4.0635434971725067e-41,True
